batch,priority,business,segment,location,website,public_contact_route,relevant_reason,status
1,high,Greenbelt Outdoors,"self-service SUP kayak and packraft rentals","Austin, TX",https://www.greenbeltoutdoors.com/,https://www.greenbeltoutdoors.com/,"Time-window rentals, equipment, digital waivers, and unattended pickup closely match ReservKit's scheduling and waiver workflows",research_complete
1,high,Paddle SMTX,"guided glow kayak tours","San Marcos, TX",https://www.paddlesmtx.com/,https://www.paddlesmtx.com/,"Scheduled guided tours with equipment, capacity, and gift-certificate demand are a direct fit for a first-bookable-flow session",research_complete
1,high,WaveCo ATX,"jet ski rentals","Austin, TX",https://www.wavecoatx.com/,https://www.wavecoatx.com/contact,"A new 2026 fleet with hourly rentals and group bookings is a strong fit for availability, equipment, deposits, and waivers",research_complete
1,high,Taste of Austin Tours,"walking food tours","Austin, TX",https://www.tasteofaustintours.com/,https://www.tasteofaustintours.com/,"A focused local tour operator with fixed durations and per-person capacity can test ReservKit without a complex fleet migration",research_complete
1,high,Texas Canoes & Kayaks,"canoe and kayak rentals and guided trips","Martindale, TX",https://www.texascanoesandkayaks.com/,https://www.texascanoesandkayaks.com/,"Reservation-based rentals, guided trips, equipment, and shuttles make availability and capacity immediately relevant",research_complete
2,high,Austin Eats Food Tours,"walking food tours and private events","Austin, TX",https://www.austineatsfoodtours.com/,https://www.austineatsfoodtours.com/contact/,"Scheduled per-person tours and private group events are a direct fit for activities, capacity, and online payment",research_complete
2,high,Cook's Canoes,"canoe and kayak rentals and shuttles","Webberville, TX",https://www.cookscanoes.com/,https://www.cookscanoes.com/,"Local river rentals and shuttle logistics are a practical fit for scheduled inventory and participant tracking",research_complete
2,high,Comal Tubes,"tube rentals and river shuttle","New Braunfels, TX",https://comaltubes.com/,https://comaltubes.com/,"Publicly listed river outfitter with rental and shuttle demand suited to capacity-based booking slots",research_complete
2,high,NB Toobs,"tube rentals and river trips","New Braunfels, TX",https://newbtoobs.com/,https://newbtoobs.com/,"Local outfitter can test a simple per-person activity with future availability and online payment",research_complete
2,high,Paddle TX,"paddling rentals and river experiences","New Braunfels, TX",https://paddletx.fun/,https://paddletx.fun/,"Paddling experiences align with activities, equipment requirements, waivers, and scheduled capacity",research_complete
3,medium,Landa River Trips,"tube rentals and river trips","New Braunfels, TX",https://lrttubing.com/,https://lrttubing.com/,"Rental and trip packaging is suited to a controlled setup of activity options, availability, and customer waivers",research_complete
3,medium,Tejas Tubos,"tube rentals and shuttle","New Braunfels, TX",https://tejastubos.com/,https://tejastubos.com/,"Seasonal rental and shuttle operations can test a concise capacity and time-slot workflow",research_complete
3,medium,Corner Tubes,"tube rentals shuttle and parking","New Braunfels, TX",https://cornertubes.com/,https://cornertubes.com/,"Multiple tube types plus shuttle service create a relevant activity-option and capacity workflow",research_complete
3,medium,Float In,"tube rentals shuttle cabanas and events","New Braunfels, TX",https://floatintx.com/,https://floatintx.com/,"Multiple reservable experiences including tubing, cabanas, and events make booking configuration and availability relevant",research_complete
3,medium,Felger's River Center,"river outfitter","New Braunfels, TX",https://felgersrivercenter.com/,https://felgersrivercenter.com/,"A city-listed outfitter with rental and shuttle operations fits a guided capacity-based booking setup",research_complete
4,medium,Austin Paddleboard & Kayak,"SUP and kayak rentals","Austin, TX",https://www.apklt.com/,https://www.apklt.com/,"Hourly rentals plus advance group reservations are a direct fit for duration choices and future availability",research_complete
4,medium,Austin Paddle Shack,"SUP kayak rentals and guided tours","Austin, TX",https://www.austinpaddle.com/,https://www.austinpaddle.com/,"Runs both rentals and scheduled tours with per-person capacity, giving one operator two strong ReservKit use cases",research_complete
4,medium,Live Love Paddle,"kayak SUP rentals and guided tours","Austin, TX",https://www.livelovepaddle.com/,https://www.livelovepaddle.com/,"Family-operated rental and tour business has activities, equipment, times, and customer communications that match ReservKit",research_complete
4,medium,Bastrop River Co.,"kayak canoe trips and overnight rentals","Bastrop, TX",https://bastropriverco.com/,https://bastropriverco.com/contact-us/,"Day trips, guided events, groups, and multi-day rentals provide a strong real-world workflow test",research_complete
4,medium,Walking Tours of Austin,"walking ghost history and private tours","Austin, TX",https://www.touratx.com/,https://www.touratx.com/contact-us/,"Fixed-duration public tours and private group requests fit activity scheduling, capacity, and payment collection",research_complete
5,low,Rowing Dock,"kayak canoe SUP and group rentals","Austin, TX",https://www.rowingdock.com/,https://www.rowingdock.com/contact,"A broad rental fleet and group reservations fit equipment and capacity workflows, though the established operation may require migration planning",research_complete
5,low,Texas Tubes,"tube rentals and river shuttle","New Braunfels, TX",https://www.texastubes.com/,https://www.texastubes.com/,"High-volume seasonal outfitter is relevant for slot capacity and payment testing but should follow smaller guided setups",research_complete
5,low,Landa Falls,"tube rentals and river trips","New Braunfels, TX",https://landafalls.com/,https://landafalls.com/,"Established river outfitter is a fit for capacity booking and customer communications after the initial small-operator batch",research_complete
5,low,Rockin' R River Rides,"tube raft kayak rentals and river trips","New Braunfels, TX",https://rockinr.com/,https://rockinr.com/contact-us/,"Multiple water activities and locations can test ReservKit's activity and availability model after simpler activations",research_complete
5,low,Austin Bike Tours and Rentals,"bike and e-bike tours and rentals","Austin, TX",https://www.austinbiketoursandrentals.com/,https://www.austinbiketoursandrentals.com/contact,"Hourly and multi-day rentals plus scheduled tours map to duration options, equipment, deposits, and availability",research_complete
